îN,åé,ì˙,éûÅiUTCÅj,ë‰ïóî‘çÜ,ë‰ïóñº,äKãâ,à‹ìx,åoìx,íÜêSãCà≥,ç≈ëÂïóë¨,50KTí∑åaï˚å¸,50KTí∑åa,50KTíZåa,30KTí∑åaï˚å¸,30KTí∑åa,30KTíZåa,è„ó§
2016,7,2,12,1601,NEPARTAK,2,8.3,145.1,1006,0,0,0,0,0,0,0,0
2016,7,2,18,1601,NEPARTAK,2,8.6,145.0,1004,0,0,0,0,0,0,0,0
2016,7,3,0,1601,NEPARTAK,3,8.9,144.9,1002,35,0,0,0,4,180,120,0
2016,7,3,6,1601,NEPARTAK,3,9.2,144.8,1002,35,0,0,0,4,180,120,0
2016,7,3,12,1601,NEPARTAK,3,10.0,144.4,1000,35,0,0,0,4,180,120,0
2016,7,3,18,1601,NEPARTAK,3,10.9,143.9,996,40,0,0,0,9,150,150,0
2016,7,4,0,1601,NEPARTAK,3,11.9,142.6,996,40,0,0,0,9,150,150,0
2016,7,4,6,1601,NEPARTAK,3,12.8,141.1,994,45,0,0,0,1,180,150,0
2016,7,4,12,1601,NEPARTAK,4,13.5,139.6,990,50,0,0,0,1,180,150,0
2016,7,4,18,1601,NEPARTAK,4,14.5,138.2,980,60,9,40,40,1,180,150,0
2016,7,5,0,1601,NEPARTAK,5,15.3,136.6,965,65,9,40,40,1,180,150,0
2016,7,5,6,1601,NEPARTAK,5,16.3,135.1,955,75,9,40,40,1,180,150,0
2016,7,5,12,1601,NEPARTAK,5,17.1,133.5,940,85,9,50,50,1,180,150,0
2016,7,5,18,1601,NEPARTAK,5,18.0,131.9,925,95,9,50,50,1,240,150,0
2016,7,6,0,1601,NEPARTAK,5,18.7,130.1,915,100,9,60,60,1,240,150,0
2016,7,6,6,1601,NEPARTAK,5,19.5,128.4,900,110,9,60,60,1,240,150,0
2016,7,6,12,1601,NEPARTAK,5,20.1,127.0,900,110,9,60,60,9,210,210,0
2016,7,6,18,1601,NEPARTAK,5,20.7,125.6,900,110,9,60,60,9,210,210,0
2016,7,7,0,1601,NEPARTAK,5,21.3,124.3,900,110,9,60,60,9,210,210,0
2016,7,7,6,1601,NEPARTAK,5,21.6,123.4,900,110,9,60,60,9,210,210,0
2016,7,7,12,1601,NEPARTAK,5,22.0,122.6,900,110,9,50,50,9,210,210,0
2016,7,7,18,1601,NEPARTAK,5,22.4,121.7,920,90,9,50,50,9,210,210,0
2016,7,8,0,1601,NEPARTAK,5,22.6,120.6,950,75,9,40,40,1,210,180,0
2016,7,8,6,1601,NEPARTAK,5,23.2,120.1,975,65,9,40,40,1,210,180,0
2016,7,8,12,1601,NEPARTAK,4,23.2,119.9,985,50,0,0,0,1,180,150,0
2016,7,8,18,1601,NEPARTAK,3,23.4,119.8,985,45,0,0,0,1,180,150,0
2016,7,9,0,1601,NEPARTAK,3,24.3,118.8,992,35,0,0,0,1,180,150,0
2016,7,9,6,1601,NEPARTAK,2,24.8,118.5,994,0,0,0,0,0,0,0,0
2016,7,9,12,1601,NEPARTAK,2,25.4,117.9,996,0,0,0,0,0,0,0,0
2016,7,9,18,1601,NEPARTAK,2,25.9,117.2,996,0,0,0,0,0,0,0,0
2016,7,10,0,1601,NEPARTAK,2,26.4,116.7,998,0,0,0,0,0,0,0,0
2016,7,22,18,1602,LUPIT,2,24.6,151.5,1004,0,0,0,0,0,0,0,0
2016,7,23,0,1602,LUPIT,2,25.3,152.3,1004,0,0,0,0,0,0,0,0
2016,7,23,6,1602,LUPIT,2,26.4,154.0,1004,0,0,0,0,0,0,0,0
2016,7,23,12,1602,LUPIT,2,27.4,155.3,1004,0,0,0,0,0,0,0,0
2016,7,23,18,1602,LUPIT,3,28.9,157.1,1000,35,0,0,0,3,100,50,0
2016,7,24,0,1602,LUPIT,3,31.0,158.5,1000,40,0,0,0,3,100,80,0
2016,7,24,6,1602,LUPIT,3,33.0,159.3,1000,40,0,0,0,2,100,80,0
2016,7,24,12,1602,LUPIT,3,35.0,159.5,1000,40,0,0,0,2,100,80,0
2016,7,24,18,1602,LUPIT,6,37.2,159.5,1000,0,0,0,0,0,0,0,0
2016,7,25,0,1602,LUPIT,6,40.3,159.3,1004,0,0,0,0,0,0,0,0
2016,7,25,6,1602,LUPIT,6,44.1,157.4,1008,0,0,0,0,0,0,0,0
2016,7,25,12,1602,LUPIT,6,45.6,156.5,1010,0,0,0,0,0,0,0,0
2016,7,25,18,1602,LUPIT,6,47.0,155.5,1012,0,0,0,0,0,0,0,0
2016,7,26,0,1602,LUPIT,6,47.5,153.7,1014,0,0,0,0,0,0,0,0
2016,7,26,6,1602,LUPIT,6,48.4,152.1,1014,0,0,0,0,0,0,0,0
2016,7,25,12,1603,MIRINAE,2,17.2,114.7,1006,0,0,0,0,0,0,0,0
2016,7,25,18,1603,MIRINAE,2,17.3,113.9,1004,0,0,0,0,0,0,0,0
2016,7,26,0,1603,MIRINAE,2,18.1,113.0,1002,0,0,0,0,0,0,0,0
2016,7,26,6,1603,MIRINAE,3,18.5,112.0,998,40,0,0,0,9,90,90,0
2016,7,26,12,1603,MIRINAE,3,18.5,110.8,996,40,0,0,0,9,90,90,0
2016,7,26,18,1603,MIRINAE,3,18.9,109.7,996,40,0,0,0,9,90,90,0
2016,7,27,0,1603,MIRINAE,3,19.7,108.6,998,35,0,0,0,9,90,90,0
2016,7,27,6,1603,MIRINAE,3,19.8,107.3,990,45,0,0,0,2,120,90,0
2016,7,27,12,1603,MIRINAE,4,19.9,106.7,980,55,2,60,40,2,120,90,0
2016,7,27,18,1603,MIRINAE,3,20.2,106.2,985,45,0,0,0,2,120,90,0
2016,7,28,0,1603,MIRINAE,3,20.6,105.6,996,35,0,0,0,9,90,90,0
2016,7,28,6,1603,MIRINAE,2,21.2,105.0,1000,0,0,0,0,0,0,0,0
2016,7,28,12,1603,MIRINAE,2,22.0,104.9,1004,0,0,0,0,0,0,0,0
2016,7,29,12,1604,NIDA,2,11.7,127.1,1002,0,0,0,0,0,0,0,0
2016,7,29,18,1604,NIDA,2,12.7,127.3,1002,0,0,0,0,0,0,0,0
2016,7,30,0,1604,NIDA,2,14.1,126.5,1002,0,0,0,0,0,0,0,0
2016,7,30,6,1604,NIDA,3,15.5,125.8,998,35,0,0,0,9,120,120,0
2016,7,30,12,1604,NIDA,3,16.4,124.4,994,40,0,0,0,9,120,120,0
2016,7,30,18,1604,NIDA,3,16.9,123.8,990,45,0,0,0,9,150,150,0
2016,7,31,0,1604,NIDA,4,17.5,123.1,985,50,0,0,0,9,150,150,0
2016,7,31,6,1604,NIDA,4,18.2,122.3,975,60,9,30,30,2,210,150,0
2016,7,31,12,1604,NIDA,4,18.8,121.2,975,60,9,30,30,2,210,150,0
2016,7,31,18,1604,NIDA,4,19.5,120.1,980,55,9,30,30,2,210,150,0
2016,8,1,0,1604,NIDA,4,20.1,118.9,980,55,9,30,30,2,210,150,0
2016,8,1,6,1604,NIDA,4,21.4,117.5,980,55,9,30,30,3,210,150,0
2016,8,1,12,1604,NIDA,4,21.9,116.0,980,55,9,30,30,3,180,120,0
2016,8,1,18,1604,NIDA,4,22.5,114.8,980,50,0,0,0,3,180,90,0
2016,8,2,0,1604,NIDA,3,22.8,113.5,985,45,0,0,0,3,150,90,0
2016,8,2,6,1604,NIDA,3,23.4,112.0,990,35,0,0,0,3,120,60,0
2016,8,2,12,1604,NIDA,2,23.9,110.8,994,0,0,0,0,0,0,0,0
2016,8,2,18,1604,NIDA,2,24.3,109.4,996,0,0,0,0,0,0,0,0
2016,8,3,0,1604,NIDA,2,25.0,107.9,998,0,0,0,0,0,0,0,0
2016,8,2,12,1605,OMAIS,2,16.7,148.8,1004,0,0,0,0,0,0,0,0
2016,8,2,18,1605,OMAIS,2,16.7,148.2,1002,0,0,0,0,0,0,0,0
2016,8,3,0,1605,OMAIS,2,16.9,147.8,1004,0,0,0,0,0,0,0,0
2016,8,3,6,1605,OMAIS,2,17.6,147.8,1002,0,0,0,0,0,0,0,0
2016,8,3,12,1605,OMAIS,2,17.8,148.1,1002,0,0,0,0,0,0,0,0
2016,8,3,18,1605,OMAIS,2,18.1,148.3,1000,0,0,0,0,0,0,0,0
2016,8,4,0,1605,OMAIS,3,18.4,148.5,998,35,0,0,0,1,260,200,0
2016,8,4,6,1605,OMAIS,3,18.8,148.5,998,35,0,0,0,1,260,200,0
2016,8,4,12,1605,OMAIS,3,19.2,148.5,998,35,0,0,0,9,260,260,0
2016,8,4,18,1605,OMAIS,3,19.8,148.4,996,35,0,0,0,9,260,260,0
2016,8,5,0,1605,OMAIS,3,20.7,148.1,992,40,0,0,0,9,260,260,0
2016,8,5,6,1605,OMAIS,3,21.7,147.9,990,45,0,0,0,3,350,210,0
2016,8,5,12,1605,OMAIS,4,22.5,147.8,985,50,0,0,0,3,350,210,0
2016,8,5,18,1605,OMAIS,4,23.3,147.8,980,55,3,120,90,3,350,210,0
2016,8,6,0,1605,OMAIS,4,24.2,147.8,980,55,2,120,90,2,350,210,0
2016,8,6,6,1605,OMAIS,4,24.9,147.7,975,60,2,120,90,2,350,210,0
2016,8,6,12,1605,OMAIS,4,26.1,147.7,975,60,1,150,60,1,375,210,0
2016,8,6,18,1605,OMAIS,4,27.3,147.5,975,60,1,180,60,1,325,210,0
2016,8,7,0,1605,OMAIS,4,28.6,147.3,975,60,1,150,60,1,325,210,0
2016,8,7,6,1605,OMAIS,4,30.0,146.9,975,60,1,150,60,1,325,210,0
2016,8,7,12,1605,OMAIS,4,31.3,146.3,980,55,1,150,60,1,325,210,0
2016,8,7,18,1605,OMAIS,4,32.5,145.3,980,55,1,150,60,1,300,210,0
2016,8,8,0,1605,OMAIS,4,33.5,144.5,980,55,1,150,60,1,300,210,0
2016,8,8,6,1605,OMAIS,4,34.5,144.3,980,50,0,0,0,2,300,210,0
2016,8,8,12,1605,OMAIS,4,35.7,144.5,980,50,0,0,0,2,300,210,0
2016,8,8,18,1605,OMAIS,4,36.8,145.1,980,50,0,0,0,2,300,210,0
2016,8,9,0,1605,OMAIS,4,37.9,145.9,980,50,0,0,0,2,300,210,0
2016,8,9,6,1605,OMAIS,4,40.2,147.4,980,50,0,0,0,2,300,210,0
2016,8,9,12,1605,OMAIS,3,42.0,148.8,985,45,0,0,0,2,300,250,0
2016,8,9,18,1605,OMAIS,6,44.1,151.7,984,0,0,0,0,0,0,0,0
2016,8,10,0,1605,OMAIS,6,46.2,152.5,988,0,0,0,0,0,0,0,0
2016,8,10,6,1605,OMAIS,6,48.1,156.2,988,0,0,0,0,0,0,0,0
2016,8,10,12,1605,OMAIS,6,50.0,159.8,986,0,0,0,0,0,0,0,0
2016,8,10,18,1605,OMAIS,6,51.9,162.8,986,0,0,0,0,0,0,0,0
2016,8,11,0,1605,OMAIS,6,53.5,165.5,984,0,0,0,0,0,0,0,0
2016,8,11,6,1605,OMAIS,6,54.9,169.1,984,0,0,0,0,0,0,0,0
2016,8,11,12,1605,OMAIS,6,55.6,172.5,984,0,0,0,0,0,0,0,0
2016,8,11,18,1605,OMAIS,6,56.1,174.6,984,0,0,0,0,0,0,0,0
2016,8,12,0,1605,OMAIS,6,56.3,177.1,986,0,0,0,0,0,0,0,0
2016,8,12,6,1605,OMAIS,6,56.4,181.8,988,0,0,0,0,0,0,0,0
2016,8,7,12,1606,CONSON,2,18.8,163.0,1010,0,0,0,0,0,0,0,0
2016,8,7,18,1606,CONSON,2,18.0,162.0,1008,0,0,0,0,0,0,0,0
2016,8,8,0,1606,CONSON,2,17.4,161.7,1008,0,0,0,0,0,0,0,0
2016,8,8,6,1606,CONSON,2,17.1,161.4,1006,0,0,0,0,0,0,0,0
2016,8,8,12,1606,CONSON,2,17.0,160.8,1006,0,0,0,0,0,0,0,0
2016,8,8,18,1606,CONSON,2,17.0,160.1,1002,0,0,0,0,0,0,0,0
2016,8,9,0,1606,CONSON,3,16.9,159.3,1000,35,0,0,0,1,120,90,0
2016,8,9,6,1606,CONSON,3,16.8,158.7,996,40,0,0,0,1,120,90,0
2016,8,9,12,1606,CONSON,3,17.0,157.8,990,45,0,0,0,1,210,90,0
2016,8,9,18,1606,CONSON,3,17.7,156.9,990,45,0,0,0,1,210,90,0
2016,8,10,0,1606,CONSON,3,18.0,156.0,990,45,0,0,0,1,210,90,0
2016,8,10,6,1606,CONSON,3,18.6,155.1,990,45,0,0,0,1,240,120,0
2016,8,10,12,1606,CONSON,3,18.9,154.4,990,45,0,0,0,1,240,120,0
2016,8,10,18,1606,CONSON,3,19.6,154.0,990,45,0,0,0,1,240,120,0
2016,8,11,0,1606,CONSON,3,20.0,153.6,990,45,0,0,0,2,300,120,0
2016,8,11,6,1606,CONSON,3,20.5,154.0,990,45,0,0,0,2,300,120,0
2016,8,11,12,1606,CONSON,3,21.9,154.3,990,45,0,0,0,2,300,120,0
2016,8,11,18,1606,CONSON,3,23.5,155.0,990,45,0,0,0,2,300,120,0
2016,8,12,0,1606,CONSON,3,25.2,155.5,990,45,0,0,0,2,300,120,0
2016,8,12,6,1606,CONSON,3,26.2,155.7,990,40,0,0,0,2,300,120,0
2016,8,12,12,1606,CONSON,3,28.0,156.4,990,40,0,0,0,2,300,120,0
2016,8,12,18,1606,CONSON,3,28.9,156.6,990,40,0,0,0,2,300,120,0
2016,8,13,0,1606,CONSON,3,29.9,155.5,990,40,0,0,0,2,300,120,0
2016,8,13,6,1606,CONSON,3,31.6,154.3,985,45,0,0,0,2,300,120,0
2016,8,13,12,1606,CONSON,3,32.6,153.1,985,45,0,0,0,1,300,150,0
2016,8,13,18,1606,CONSON,3,33.9,152.2,985,45,0,0,0,1,350,150,0
2016,8,14,0,1606,CONSON,3,35.7,151.1,985,45,0,0,0,1,350,150,0
2016,8,14,6,1606,CONSON,3,38.1,149.5,985,45,0,0,0,1,350,150,0
2016,8,14,12,1606,CONSON,3,40.2,148.0,990,40,0,0,0,2,240,120,0
2016,8,14,18,1606,CONSON,3,42.1,145.9,990,40,0,0,0,2,240,120,0
2016,8,14,23,1606,CONSON,3,43.3,145.5,988,40,0,0,0,2,210,90,1
2016,8,15,0,1606,CONSON,6,43.6,145.6,990,0,0,0,0,0,0,0,0
2016,8,15,6,1606,CONSON,6,46.3,145.4,992,0,0,0,0,0,0,0,0
2016,8,15,12,1606,CONSON,6,48.8,146.1,996,0,0,0,0,0,0,0,0
2016,8,15,18,1606,CONSON,6,53.2,145.2,996,0,0,0,0,0,0,0,0
2016,8,16,0,1606,CONSON,6,56.1,142.6,996,0,0,0,0,0,0,0,0
2016,8,16,6,1606,CONSON,6,57.2,142.0,998,0,0,0,0,0,0,0,0
2016,8,16,12,1606,CONSON,6,58.7,143.1,1000,0,0,0,0,0,0,0,0
2016,8,12,0,1607,CHANTHU,2,16.0,137.6,1002,0,0,0,0,0,0,0,0
2016,8,12,6,1607,CHANTHU,2,16.3,138.0,1002,0,0,0,0,0,0,0,0
2016,8,12,12,1607,CHANTHU,2,16.8,138.6,1002,0,0,0,0,0,0,0,0
2016,8,12,18,1607,CHANTHU,2,17.2,139.4,1002,0,0,0,0,0,0,0,0
2016,8,13,0,1607,CHANTHU,2,17.7,139.9,1002,0,0,0,0,0,0,0,0
2016,8,13,6,1607,CHANTHU,2,18.8,140.7,1000,0,0,0,0,0,0,0,0
2016,8,13,12,1607,CHANTHU,2,19.8,141.9,1000,0,0,0,0,0,0,0,0
2016,8,13,18,1607,CHANTHU,3,20.9,142.9,994,35,0,0,0,2,180,90,0
2016,8,14,0,1607,CHANTHU,3,22.0,143.6,994,35,0,0,0,2,180,90,0
2016,8,14,6,1607,CHANTHU,3,23.4,144.2,992,40,0,0,0,2,180,90,0
2016,8,14,12,1607,CHANTHU,3,24.6,144.5,990,45,0,0,0,2,210,90,0
2016,8,14,18,1607,CHANTHU,4,25.7,144.8,985,50,0,0,0,2,210,90,0
2016,8,15,0,1607,CHANTHU,4,27.1,145.0,985,50,0,0,0,2,210,120,0
2016,8,15,6,1607,CHANTHU,4,28.1,144.5,985,50,0,0,0,2,210,120,0
2016,8,15,12,1607,CHANTHU,3,29.4,143.8,985,45,0,0,0,2,210,120,0
2016,8,15,18,1607,CHANTHU,3,30.5,143.0,985,45,0,0,0,2,210,120,0
2016,8,16,0,1607,CHANTHU,4,31.6,142.5,980,50,0,0,0,2,210,120,0
2016,8,16,6,1607,CHANTHU,4,33.4,141.4,980,50,0,0,0,2,210,120,0
2016,8,16,12,1607,CHANTHU,4,34.4,141.0,980,50,0,0,0,2,210,120,0
2016,8,16,18,1607,CHANTHU,4,35.8,141.2,980,50,0,0,0,2,210,120,0
2016,8,17,0,1607,CHANTHU,4,37.8,141.7,980,55,2,60,20,2,180,120,0
2016,8,17,3,1607,CHANTHU,4,39.0,142.2,980,55,2,60,20,2,180,120,0
2016,8,17,6,1607,CHANTHU,4,40.8,142.7,980,55,2,80,20,2,180,120,0
2016,8,17,8,1607,CHANTHU,4,41.8,143.0,980,55,2,80,20,2,180,120,1
2016,8,17,9,1607,CHANTHU,4,42.3,143.1,980,55,2,80,20,2,180,120,0
2016,8,17,12,1607,CHANTHU,4,44.3,143.1,984,55,2,120,20,2,180,120,0
2016,8,17,18,1607,CHANTHU,6,47.7,144.6,984,0,0,0,0,0,0,0,0
2016,8,18,0,1607,CHANTHU,6,51.2,145.3,982,0,0,0,0,0,0,0,0
2016,8,18,6,1607,CHANTHU,6,54.6,146.7,980,0,0,0,0,0,0,0,0
2016,8,18,12,1607,CHANTHU,6,58.1,147.6,982,0,0,0,0,0,0,0,0
2016,8,18,18,1607,CHANTHU,6,60.7,149.1,986,0,0,0,0,0,0,0,0
2016,8,15,6,1608,DIANMU,2,21.7,117.0,996,0,0,0,0,0,0,0,0
2016,8,15,12,1608,DIANMU,2,21.7,116.3,996,0,0,0,0,0,0,0,0
2016,8,15,18,1608,DIANMU,2,21.7,115.4,996,0,0,0,0,0,0,0,0
2016,8,16,0,1608,DIANMU,2,21.8,114.7,996,0,0,0,0,0,0,0,0
2016,8,16,6,1608,DIANMU,2,21.7,114.0,994,0,0,0,0,0,0,0,0
2016,8,16,12,1608,DIANMU,2,21.6,113.5,994,0,0,0,0,0,0,0,0
2016,8,16,18,1608,DIANMU,2,21.5,113.3,992,0,0,0,0,0,0,0,0
2016,8,17,0,1608,DIANMU,2,21.5,113.2,992,0,0,0,0,0,0,0,0
2016,8,17,6,1608,DIANMU,2,21.5,113.1,992,0,0,0,0,0,0,0,0
2016,8,17,12,1608,DIANMU,2,21.4,112.9,990,0,0,0,0,0,0,0,0
2016,8,17,18,1608,DIANMU,3,21.1,112.2,985,35,0,0,0,3,240,120,0
2016,8,18,0,1608,DIANMU,3,20.9,111.3,985,35,0,0,0,3,240,120,0
2016,8,18,6,1608,DIANMU,3,20.8,110.3,985,35,0,0,0,3,240,120,0
2016,8,18,12,1608,DIANMU,3,20.5,109.2,985,35,0,0,0,3,210,120,0
2016,8,18,18,1608,DIANMU,3,20.5,108.2,980,40,0,0,0,3,180,120,0
2016,8,19,0,1608,DIANMU,3,20.5,107.3,980,40,0,0,0,3,150,120,0
2016,8,19,6,1608,DIANMU,3,20.6,106.4,980,40,0,0,0,3,120,90,0
2016,8,19,12,1608,DIANMU,2,20.8,104.8,990,0,0,0,0,0,0,0,0
2016,8,19,18,1608,DIANMU,2,21.2,102.5,994,0,0,0,0,0,0,0,0
2016,8,17,0,1609,MINDULLE,2,15.3,138.9,1002,0,0,0,0,0,0,0,0
2016,8,17,6,1609,MINDULLE,2,15.2,139.9,998,0,0,0,0,0,0,0,0
2016,8,17,12,1609,MINDULLE,2,15.2,140.7,998,0,0,0,0,0,0,0,0
2016,8,17,18,1609,MINDULLE,2,15.1,141.3,996,0,0,0,0,0,0,0,0
2016,8,18,0,1609,MINDULLE,2,15.2,142.0,996,0,0,0,0,0,0,0,0
2016,8,18,6,1609,MINDULLE,2,15.6,142.8,996,0,0,0,0,0,0,0,0
2016,8,18,12,1609,MINDULLE,2,16.1,143.1,996,0,0,0,0,0,0,0,0
2016,8,18,18,1609,MINDULLE,2,16.6,143.1,996,0,0,0,0,0,0,0,0
2016,8,19,0,1609,MINDULLE,2,17.2,142.5,996,0,0,0,0,0,0,0,0
2016,8,19,6,1609,MINDULLE,3,17.8,141.8,994,35,0,0,0,4,120,90,0
2016,8,19,12,1609,MINDULLE,3,18.7,140.9,994,35,0,0,0,4,120,90,0
2016,8,19,18,1609,MINDULLE,3,19.4,140.6,992,40,0,0,0,4,120,90,0
2016,8,20,0,1609,MINDULLE,3,20.4,140.8,992,40,0,0,0,4,120,90,0
2016,8,20,6,1609,MINDULLE,3,22.1,141.0,990,45,0,0,0,4,120,90,0
2016,8,20,12,1609,MINDULLE,4,24.4,141.1,985,50,0,0,0,8,150,90,0
2016,8,20,18,1609,MINDULLE,4,26.2,140.8,985,50,0,0,0,1,150,90,0
2016,8,21,0,1609,MINDULLE,4,28.0,140.6,985,50,0,0,0,2,180,90,0
2016,8,21,6,1609,MINDULLE,4,29.8,139.9,985,50,0,0,0,2,180,90,0
2016,8,21,12,1609,MINDULLE,4,31.5,139.5,980,55,2,50,20,2,150,90,0
2016,8,21,15,1609,MINDULLE,4,32.3,139.2,980,55,2,50,20,2,150,90,0
2016,8,21,18,1609,MINDULLE,5,33.1,139.4,975,65,2,50,20,2,150,90,0
2016,8,21,21,1609,MINDULLE,5,33.8,139.3,975,65,2,50,20,2,150,90,0
2016,8,22,0,1609,MINDULLE,5,34.2,139.5,975,65,9,40,40,2,150,90,0
2016,8,22,3,1609,MINDULLE,5,34.8,139.8,975,65,9,40,40,2,150,90,1
2016,8,22,6,1609,MINDULLE,4,35.9,140.0,980,60,3,50,40,2,150,90,0
2016,8,22,9,1609,MINDULLE,4,36.6,140.3,985,55,3,50,40,3,150,90,0
2016,8,22,12,1609,MINDULLE,4,37.8,140.8,990,55,9,60,60,3,180,90,0
2016,8,22,15,1609,MINDULLE,4,38.9,141.1,990,55,9,60,60,3,180,90,0
2016,8,22,18,1609,MINDULLE,4,40.4,141.9,992,50,0,0,0,3,150,90,0
2016,8,22,20,1609,MINDULLE,4,41.8,142.3,992,50,0,0,0,3,150,90,1
2016,8,22,21,1609,MINDULLE,4,42.4,142.6,992,50,0,0,0,3,150,90,0
2016,8,23,0,1609,MINDULLE,4,43.6,143.8,992,50,0,0,0,3,120,90,0
2016,8,23,3,1609,MINDULLE,6,45.1,145.3,992,0,0,0,0,0,0,0,0
2016,8,17,0,1610,LIONROCK,2,26.4,159.1,996,0,0,0,0,0,0,0,0
2016,8,17,6,1610,LIONROCK,2,27.0,157.0,996,0,0,0,0,0,0,0,0
2016,8,17,12,1610,LIONROCK,2,27.4,155.4,996,0,0,0,0,0,0,0,0
2016,8,17,18,1610,LIONROCK,2,28.3,153.6,996,0,0,0,0,0,0,0,0
2016,8,18,0,1610,LIONROCK,2,29.3,152.0,996,0,0,0,0,0,0,0,0
2016,8,18,6,1610,LIONROCK,2,30.4,150.4,996,0,0,0,0,0,0,0,0
2016,8,18,12,1610,LIONROCK,2,31.4,148.6,996,0,0,0,0,0,0,0,0
2016,8,18,18,1610,LIONROCK,2,32.2,146.8,996,0,0,0,0,0,0,0,0
2016,8,19,0,1610,LIONROCK,2,32.9,144.9,996,0,0,0,0,0,0,0,0
2016,8,19,6,1610,LIONROCK,2,33.1,142.8,996,0,0,0,0,0,0,0,0
2016,8,19,12,1610,LIONROCK,2,33.1,141.3,996,0,0,0,0,0,0,0,0
2016,8,19,18,1610,LIONROCK,2,32.3,139.7,996,0,0,0,0,0,0,0,0
2016,8,20,0,1610,LIONROCK,2,31.5,138.5,996,0,0,0,0,0,0,0,0
2016,8,20,6,1610,LIONROCK,2,31.0,137.6,996,0,0,0,0,0,0,0,0
2016,8,20,12,1610,LIONROCK,2,30.5,136.7,996,0,0,0,0,0,0,0,0
2016,8,20,18,1610,LIONROCK,2,30.1,135.5,996,0,0,0,0,0,0,0,0
2016,8,21,0,1610,LIONROCK,2,29.8,134.3,996,0,0,0,0,0,0,0,0
2016,8,21,6,1610,LIONROCK,2,29.5,133.7,996,0,0,0,0,0,0,0,0
2016,8,21,12,1610,LIONROCK,3,29.2,133.3,992,35,0,0,0,9,100,100,0
2016,8,21,18,1610,LIONROCK,3,28.8,133.2,990,40,0,0,0,9,100,100,0
2016,8,22,0,1610,LIONROCK,3,28.8,133.4,990,40,0,0,0,9,100,100,0
2016,8,22,6,1610,LIONROCK,3,28.7,133.7,990,40,0,0,0,9,100,100,0
2016,8,22,12,1610,LIONROCK,3,28.5,134.1,990,40,0,0,0,9,100,100,0
2016,8,22,18,1610,LIONROCK,3,28.2,134.3,990,45,0,0,0,9,100,100,0
2016,8,23,0,1610,LIONROCK,4,28.0,134.4,985,50,0,0,0,9,100,100,0
2016,8,23,6,1610,LIONROCK,4,27.3,134.2,980,55,9,30,30,9,100,100,0
2016,8,23,12,1610,LIONROCK,4,26.6,134.0,975,60,9,30,30,9,100,100,0
2016,8,23,18,1610,LIONROCK,5,25.8,133.3,965,70,9,40,40,9,100,100,0
2016,8,24,0,1610,LIONROCK,5,25.3,132.8,960,75,9,50,50,9,120,120,0
2016,8,24,6,1610,LIONROCK,5,24.8,132.3,950,80,9,50,50,9,120,120,0
2016,8,24,12,1610,LIONROCK,5,24.4,131.8,950,80,9,50,50,9,120,120,0
2016,8,24,18,1610,LIONROCK,5,23.9,131.4,945,85,9,50,50,9,120,120,0
2016,8,25,0,1610,LIONROCK,5,23.6,131.1,945,85,9,50,50,9,120,120,0
2016,8,25,6,1610,LIONROCK,5,23.5,130.9,945,85,9,50,50,9,120,120,0
2016,8,25,12,1610,LIONROCK,5,23.5,130.8,945,85,9,50,50,9,120,120,0
2016,8,25,18,1610,LIONROCK,5,23.1,130.5,945,85,9,50,50,9,150,150,0
2016,8,26,0,1610,LIONROCK,5,23.2,131.0,945,85,9,50,50,9,150,150,0
2016,8,26,6,1610,LIONROCK,5,23.1,131.3,945,85,9,50,50,3,180,150,0
2016,8,26,12,1610,LIONROCK,5,23.2,132.1,950,80,9,50,50,3,270,150,0
2016,8,26,18,1610,LIONROCK,5,23.5,132.5,950,80,9,50,50,3,270,150,0
2016,8,27,0,1610,LIONROCK,5,23.7,133.1,945,85,9,60,60,3,325,150,0
2016,8,27,6,1610,LIONROCK,5,24.0,133.9,945,85,9,70,70,3,350,180,0
2016,8,27,12,1610,LIONROCK,5,24.5,134.6,945,85,9,70,70,3,350,180,0
2016,8,27,18,1610,LIONROCK,5,25.1,135.6,945,85,9,70,70,3,350,180,0
2016,8,28,0,1610,LIONROCK,5,26.1,136.6,945,85,9,70,70,3,350,180,0
2016,8,28,6,1610,LIONROCK,5,27.7,137.9,940,90,3,80,60,3,325,180,0
2016,8,28,12,1610,LIONROCK,5,28.5,138.8,940,90,3,80,60,3,300,180,0
2016,8,28,18,1610,LIONROCK,5,29.4,140.5,940,90,3,80,60,3,300,180,0
2016,8,29,0,1610,LIONROCK,5,30.4,141.7,945,85,3,80,60,3,300,180,0
2016,8,29,6,1610,LIONROCK,5,31.3,142.7,950,80,3,80,60,3,300,200,0
2016,8,29,12,1610,LIONROCK,5,32.3,143.4,960,75,3,80,60,3,300,200,0
2016,8,29,18,1610,LIONROCK,5,34.0,143.6,965,70,2,90,40,3,300,210,0
2016,8,29,21,1610,LIONROCK,5,34.8,143.4,965,70,2,90,40,3,300,210,0
2016,8,30,0,1610,LIONROCK,5,35.6,143.0,965,65,2,90,40,3,300,210,0
2016,8,30,3,1610,LIONROCK,5,36.6,142.4,965,65,1,100,50,3,325,240,0
2016,8,30,6,1610,LIONROCK,5,37.8,142.2,965,65,1,120,60,3,325,240,0
2016,8,30,8,1610,LIONROCK,5,38.8,142.0,965,65,1,120,60,3,325,240,1
2016,8,30,9,1610,LIONROCK,4,39.3,141.7,970,60,1,120,60,3,325,240,0
2016,8,30,12,1610,LIONROCK,4,41.3,140.0,972,60,1,120,60,3,325,240,0
2016,8,30,15,1610,LIONROCK,6,42.0,138.0,976,0,0,0,0,0,0,0,0
2016,8,30,18,1610,LIONROCK,6,43.9,135.7,980,0,0,0,0,0,0,0,0
2016,8,18,12,1611,KOMPASU,2,22.3,152.8,998,0,0,0,0,0,0,0,0
2016,8,18,18,1611,KOMPASU,2,24.1,153.4,996,0,0,0,0,0,0,0,0
2016,8,19,0,1611,KOMPASU,2,25.7,152.8,996,0,0,0,0,0,0,0,0
2016,8,19,6,1611,KOMPASU,2,27.4,152.2,996,0,0,0,0,0,0,0,0
2016,8,19,12,1611,KOMPASU,2,29.5,151.5,996,0,0,0,0,0,0,0,0
2016,8,19,18,1611,KOMPASU,2,31.8,149.3,996,0,0,0,0,0,0,0,0
2016,8,20,0,1611,KOMPASU,3,32.9,147.3,994,35,0,0,0,1,240,120,0
2016,8,20,6,1611,KOMPASU,3,34.3,145.7,994,35,0,0,0,1,240,120,0
2016,8,20,12,1611,KOMPASU,3,36.3,143.7,994,35,0,0,0,1,150,90,0
2016,8,20,18,1611,KOMPASU,3,37.8,142.8,996,35,0,0,0,2,150,60,0
2016,8,21,0,1611,KOMPASU,3,38.8,142.9,996,35,0,0,0,2,120,60,0
2016,8,21,6,1611,KOMPASU,3,40.6,142.9,996,35,0,0,0,2,120,60,0
2016,8,21,12,1611,KOMPASU,3,42.5,143.9,1000,35,0,0,0,2,120,60,0
2016,8,21,14,1611,KOMPASU,3,42.9,144.1,1002,35,0,0,0,2,120,60,1
2016,8,21,18,1611,KOMPASU,6,45.0,145.0,1002,0,0,0,0,0,0,0,0
2016,8,22,0,1611,KOMPASU,6,46.8,145.8,1002,0,0,0,0,0,0,0,0
2016,8,22,6,1611,KOMPASU,6,48.2,147.0,1002,0,0,0,0,0,0,0,0
2016,8,31,0,1612,NAMTHEUN,2,21.1,123.2,1002,0,0,0,0,0,0,0,0
2016,8,31,6,1612,NAMTHEUN,2,21.3,124.4,1002,0,0,0,0,0,0,0,0
2016,8,31,12,1612,NAMTHEUN,2,22.0,125.8,1002,0,0,0,0,0,0,0,0
2016,8,31,18,1612,NAMTHEUN,2,23.0,126.9,1000,0,0,0,0,0,0,0,0
2016,9,1,0,1612,NAMTHEUN,3,23.8,127.7,998,35,0,0,0,9,70,70,0
2016,9,1,6,1612,NAMTHEUN,3,24.4,129.0,994,45,0,0,0,9,70,70,0
2016,9,1,12,1612,NAMTHEUN,4,25.0,130.2,985,55,9,20,20,9,70,70,0
2016,9,1,15,1612,NAMTHEUN,4,25.3,130.5,985,55,9,20,20,9,70,70,0
2016,9,1,18,1612,NAMTHEUN,4,25.7,130.6,975,60,9,20,20,9,70,70,0
2016,9,1,21,1612,NAMTHEUN,4,26.1,130.7,975,60,9,20,20,9,70,70,0
2016,9,2,0,1612,NAMTHEUN,5,26.4,130.8,970,65,9,30,30,9,70,70,0
2016,9,2,3,1612,NAMTHEUN,5,26.8,130.8,970,65,9,30,30,9,70,70,0
2016,9,2,6,1612,NAMTHEUN,5,27.2,130.8,965,70,9,30,30,9,70,70,0
2016,9,2,9,1612,NAMTHEUN,5,27.5,130.8,965,70,9,30,30,9,70,70,0
2016,9,2,12,1612,NAMTHEUN,5,27.8,130.8,965,70,9,30,30,2,90,60,0
2016,9,2,15,1612,NAMTHEUN,5,28.1,130.7,960,70,9,30,30,2,90,60,0
2016,9,2,18,1612,NAMTHEUN,5,28.5,130.6,955,70,9,30,30,2,90,60,0
2016,9,2,21,1612,NAMTHEUN,5,28.9,130.5,955,70,9,30,30,2,90,60,0
2016,9,3,0,1612,NAMTHEUN,5,29.3,130.3,955,70,9,30,30,2,90,60,0
2016,9,3,3,1612,NAMTHEUN,5,29.7,130.2,955,70,9,30,30,2,90,60,0
2016,9,3,6,1612,NAMTHEUN,5,30.0,130.1,960,65,9,20,20,2,90,60,0
2016,9,3,9,1612,NAMTHEUN,5,30.3,130.0,960,65,9,20,20,2,90,60,0
2016,9,3,12,1612,NAMTHEUN,4,30.5,129.9,965,60,9,20,20,2,90,60,0
2016,9,3,15,1612,NAMTHEUN,4,30.7,129.9,970,60,9,20,20,9,60,60,0
2016,9,3,18,1612,NAMTHEUN,4,31.0,129.8,975,55,9,20,20,9,60,60,0
2016,9,3,21,1612,NAMTHEUN,4,31.2,129.7,980,55,9,20,20,9,60,60,0
2016,9,4,0,1612,NAMTHEUN,4,31.4,129.6,985,50,0,0,0,9,50,50,0
2016,9,4,3,1612,NAMTHEUN,4,31.6,129.6,990,50,0,0,0,9,50,50,0
2016,9,4,6,1612,NAMTHEUN,3,31.8,129.6,992,45,0,0,0,9,50,50,0
2016,9,4,9,1612,NAMTHEUN,3,32.1,129.6,994,45,0,0,0,9,40,40,0
2016,9,4,12,1612,NAMTHEUN,3,32.4,129.6,998,40,0,0,0,9,40,40,0
2016,9,4,15,1612,NAMTHEUN,3,32.7,129.7,1000,35,0,0,0,9,30,30,0
2016,9,4,16,1612,NAMTHEUN,3,32.8,129.7,1000,35,0,0,0,9,30,30,1
2016,9,4,18,1612,NAMTHEUN,2,33.1,129.8,1004,0,0,0,0,0,0,0,0
2016,9,4,21,1612,NAMTHEUN,2,33.5,129.9,1006,0,0,0,0,0,0,0,0
2016,9,5,0,1612,NAMTHEUN,2,33.9,130.2,1008,0,0,0,0,0,0,0,0
2016,9,5,6,1612,NAMTHEUN,2,34.8,131.0,1008,0,0,0,0,0,0,0,0
2016,9,5,12,1612,NAMTHEUN,2,35.9,132.3,1008,0,0,0,0,0,0,0,0
2016,9,5,12,1613,MALOU,2,24.8,124.8,1006,0,0,0,0,0,0,0,0
2016,9,5,18,1613,MALOU,2,25.2,124.8,1004,0,0,0,0,0,0,0,0
2016,9,6,0,1613,MALOU,2,26.4,125.8,1002,0,0,0,0,0,0,0,0
2016,9,6,6,1613,MALOU,3,27.6,126.8,1000,40,0,0,0,3,150,90,0
2016,9,6,12,1613,MALOU,3,28.3,128.1,1002,40,0,0,0,3,150,90,0
2016,9,6,18,1613,MALOU,3,29.0,129.1,1000,40,0,0,0,3,150,60,0
2016,9,7,0,1613,MALOU,2,29.2,130.3,1002,0,0,0,0,0,0,0,0
2016,9,7,6,1613,MALOU,2,29.1,132.1,1002,0,0,0,0,0,0,0,0
2016,9,9,12,1614,MERANTI,2,13.7,141.7,1004,0,0,0,0,0,0,0,0
2016,9,9,18,1614,MERANTI,2,14.0,141.2,1004,0,0,0,0,0,0,0,0
2016,9,10,0,1614,MERANTI,2,14.4,140.2,1004,0,0,0,0,0,0,0,0
2016,9,10,6,1614,MERANTI,3,14.8,139.2,1000,35,0,0,0,9,90,90,0
2016,9,10,12,1614,MERANTI,3,15.3,137.9,998,35,0,0,0,9,90,90,0
2016,9,10,18,1614,MERANTI,3,16.0,136.9,990,45,0,0,0,9,90,90,0
2016,9,11,0,1614,MERANTI,4,16.4,135.7,980,55,9,50,50,9,120,120,0
2016,9,11,6,1614,MERANTI,5,16.7,134.5,970,65,9,60,60,9,150,150,0
2016,9,11,12,1614,MERANTI,5,17.4,133.2,950,80,9,60,60,9,150,150,0
2016,9,11,18,1614,MERANTI,5,17.6,131.7,940,85,9,60,60,9,150,150,0
2016,9,12,0,1614,MERANTI,5,18.0,130.4,930,95,9,60,60,9,180,180,0
2016,9,12,6,1614,MERANTI,5,18.3,129.4,920,100,9,60,60,9,180,180,0
2016,9,12,12,1614,MERANTI,5,18.9,128.2,910,105,9,60,60,9,180,180,0
2016,9,12,18,1614,MERANTI,5,19.3,126.7,910,105,9,60,60,1,240,210,0
2016,9,13,0,1614,MERANTI,5,19.6,125.5,900,115,9,60,60,1,240,180,0
2016,9,13,6,1614,MERANTI,5,20.2,124.1,900,115,9,70,70,8,240,150,0
2016,9,13,12,1614,MERANTI,5,20.4,122.9,890,120,9,70,70,8,240,150,0
2016,9,13,18,1614,MERANTI,5,20.9,121.8,900,115,9,70,70,8,240,150,0
2016,9,14,0,1614,MERANTI,5,21.6,120.8,910,105,9,60,60,8,240,180,0
2016,9,14,6,1614,MERANTI,5,22.5,119.8,930,90,9,60,60,2,240,150,0
2016,9,14,12,1614,MERANTI,5,23.5,118.9,940,85,9,60,60,2,210,150,0
2016,9,14,18,1614,MERANTI,5,24.4,118.3,965,70,9,50,50,2,180,120,0
2016,9,15,0,1614,MERANTI,4,25.2,117.7,980,55,9,40,40,2,180,90,0
2016,9,15,6,1614,MERANTI,3,26.1,116.9,996,45,0,0,0,2,120,90,0
2016,9,15,12,1614,MERANTI,2,27.0,117.1,1002,0,0,0,0,0,0,0,0
2016,9,15,18,1614,MERANTI,2,28.1,117.5,1004,0,0,0,0,0,0,0,0
2016,9,16,0,1614,MERANTI,2,30.2,118.9,1004,0,0,0,0,0,0,0,0
2016,9,16,6,1614,MERANTI,6,31.6,120.1,1004,0,0,0,0,0,0,0,0
2016,9,16,12,1614,MERANTI,6,32.7,121.5,1004,0,0,0,0,0,0,0,0
2016,9,16,18,1614,MERANTI,6,33.7,123.4,1004,0,0,0,0,0,0,0,0
2016,9,17,0,1614,MERANTI,6,33.5,123.8,1004,0,0,0,0,0,0,0,0
2016,9,17,6,1614,MERANTI,6,33.3,124.4,1004,0,0,0,0,0,0,0,0
2016,9,17,12,1614,MERANTI,6,33.2,125.2,1006,0,0,0,0,0,0,0,0
2016,9,11,6,1615,RAI,2,12.3,114.3,1002,0,0,0,0,0,0,0,0
2016,9,11,12,1615,RAI,2,12.7,113.9,1002,0,0,0,0,0,0,0,0
2016,9,11,18,1615,RAI,2,13.2,113.2,1002,0,0,0,0,0,0,0,0
2016,9,12,0,1615,RAI,2,13.7,112.1,1002,0,0,0,0,0,0,0,0
2016,9,12,6,1615,RAI,2,14.4,111.0,1002,0,0,0,0,0,0,0,0
2016,9,12,12,1615,RAI,2,14.9,109.9,1000,0,0,0,0,0,0,0,0
2016,9,12,18,1615,RAI,3,15.5,108.9,996,35,0,0,0,8,150,60,0
2016,9,13,0,1615,RAI,3,15.9,107.3,996,35,0,0,0,1,120,60,0
2016,9,13,6,1615,RAI,2,16.0,105.9,998,0,0,0,0,0,0,0,0
2016,9,13,12,1615,RAI,2,16.0,104.7,1000,0,0,0,0,0,0,0,0
2016,9,13,18,1615,RAI,2,16.1,103.5,1004,0,0,0,0,0,0,0,0
2016,9,11,18,1616,MALAKAS,2,12.5,144.8,1006,0,0,0,0,0,0,0,0
2016,9,12,0,1616,MALAKAS,2,12.8,143.1,1008,0,0,0,0,0,0,0,0
2016,9,12,6,1616,MALAKAS,2,13.2,141.9,1006,0,0,0,0,0,0,0,0
2016,9,12,12,1616,MALAKAS,2,13.5,140.8,1006,0,0,0,0,0,0,0,0
2016,9,12,18,1616,MALAKAS,3,13.8,139.4,1000,35,0,0,0,9,90,90,0
2016,9,13,0,1616,MALAKAS,3,14.2,138.1,996,40,0,0,0,9,120,120,0
2016,9,13,6,1616,MALAKAS,3,14.5,137.0,990,45,0,0,0,9,120,120,0
2016,9,13,12,1616,MALAKAS,3,14.7,135.9,990,45,0,0,0,9,120,120,0
2016,9,13,18,1616,MALAKAS,4,15.0,134.6,985,55,9,30,30,9,120,120,0
2016,9,14,0,1616,MALAKAS,5,15.4,133.4,975,65,9,30,30,3,150,120,0
2016,9,14,6,1616,MALAKAS,5,15.8,132.2,965,70,9,40,40,3,150,120,0
2016,9,14,12,1616,MALAKAS,5,16.3,131.2,965,70,9,40,40,2,150,90,0
2016,9,14,18,1616,MALAKAS,5,16.7,130.0,965,70,9,40,40,2,150,90,0
2016,9,15,0,1616,MALAKAS,5,16.9,128.8,965,70,9,40,40,1,150,90,0
2016,9,15,6,1616,MALAKAS,5,17.5,127.7,950,80,9,50,50,1,150,90,0
2016,9,15,12,1616,MALAKAS,5,18.4,126.7,940,85,9,50,50,1,150,90,0
2016,9,15,18,1616,MALAKAS,5,19.2,125.7,940,85,9,50,50,1,150,120,0
2016,9,16,0,1616,MALAKAS,5,20.1,124.7,940,85,9,50,50,1,150,120,0
2016,9,16,6,1616,MALAKAS,5,21.1,123.9,940,85,9,50,50,1,150,120,0
2016,9,16,9,1616,MALAKAS,5,21.5,123.7,940,85,9,50,50,2,150,120,0
2016,9,16,12,1616,MALAKAS,5,22.1,123.4,940,85,9,50,50,2,150,120,0
2016,9,16,15,1616,MALAKAS,5,22.5,123.1,940,85,9,50,50,2,150,120,0
2016,9,16,18,1616,MALAKAS,5,23.0,123.1,930,95,9,50,50,2,150,120,0
2016,9,16,21,1616,MALAKAS,5,23.6,123.0,930,95,9,50,50,2,150,120,0
2016,9,17,0,1616,MALAKAS,5,24.1,123.0,930,95,2,60,40,2,150,120,0
2016,9,17,3,1616,MALAKAS,5,24.7,122.9,930,95,2,60,40,2,150,120,0
2016,9,17,6,1616,MALAKAS,5,25.3,122.8,940,90,2,60,40,2,150,120,0
2016,9,17,9,1616,MALAKAS,5,25.6,122.7,940,90,2,60,40,2,150,120,0
2016,9,17,12,1616,MALAKAS,5,25.9,122.7,950,80,9,60,60,2,150,120,0
2016,9,17,18,1616,MALAKAS,5,26.3,122.8,950,80,9,60,60,7,150,120,0
2016,9,18,0,1616,MALAKAS,5,26.9,123.5,950,80,9,60,60,7,150,120,0
2016,9,18,6,1616,MALAKAS,5,27.4,124.2,950,80,9,60,60,7,150,120,0
2016,9,18,12,1616,MALAKAS,5,28.0,125.1,945,85,9,60,60,7,150,120,0
2016,9,18,18,1616,MALAKAS,5,28.7,126.1,940,95,9,60,60,7,180,120,0
2016,9,19,0,1616,MALAKAS,5,29.4,127.1,940,95,9,60,60,7,180,120,0
2016,9,19,3,1616,MALAKAS,5,29.7,127.6,940,95,9,60,60,7,180,140,0
2016,9,19,6,1616,MALAKAS,5,30.2,128.3,940,95,9,60,60,7,210,140,0
2016,9,19,9,1616,MALAKAS,5,30.5,129.1,940,95,9,60,60,7,210,140,0
2016,9,19,12,1616,MALAKAS,5,30.8,129.7,950,80,9,60,60,7,210,180,0
2016,9,19,15,1616,MALAKAS,5,31.1,130.5,955,75,9,60,60,7,240,180,1
2016,9,19,18,1616,MALAKAS,5,31.6,131.5,960,75,4,60,40,7,240,180,0
2016,9,19,21,1616,MALAKAS,5,32.2,132.5,960,75,4,60,40,7,240,180,0
2016,9,20,0,1616,MALAKAS,5,32.9,133.4,965,70,4,60,30,7,240,180,0
2016,9,20,2,1616,MALAKAS,5,33.3,134.1,970,70,4,60,30,7,240,180,1
2016,9,20,3,1616,MALAKAS,5,33.5,134.6,970,65,4,60,30,7,240,180,0
2016,9,20,4,1616,MALAKAS,4,33.7,135.1,980,55,4,60,30,8,240,180,1
2016,9,20,6,1616,MALAKAS,4,34.3,136.1,985,50,0,0,0,9,150,150,0
2016,9,20,8,1616,MALAKAS,3,34.9,136.8,992,45,0,0,0,9,90,90,1
2016,9,20,9,1616,MALAKAS,3,34.8,137.1,992,45,0,0,0,9,90,90,0
2016,9,20,12,1616,MALAKAS,6,34.5,138.1,1006,0,0,0,0,0,0,0,0
2016,9,22,18,1617,MEGI,2,15.4,141.1,1002,0,0,0,0,0,0,0,0
2016,9,23,0,1617,MEGI,2,15.7,140.6,1000,0,0,0,0,0,0,0,0
2016,9,23,6,1617,MEGI,2,16.0,139.7,1000,0,0,0,0,0,0,0,0
2016,9,23,12,1617,MEGI,2,16.4,138.8,998,0,0,0,0,0,0,0,0
2016,9,23,18,1617,MEGI,3,16.9,137.6,994,35,0,0,0,1,240,180,0
2016,9,24,0,1617,MEGI,3,17.5,136.5,990,40,0,0,0,1,240,180,0
2016,9,24,6,1617,MEGI,3,18.3,135.3,980,45,0,0,0,1,240,180,0
2016,9,24,12,1617,MEGI,4,18.7,133.9,975,55,9,60,60,1,270,210,0
2016,9,24,18,1617,MEGI,5,19.0,132.9,970,65,9,60,60,1,270,210,0
2016,9,25,0,1617,MEGI,5,19.5,131.6,970,65,9,60,60,1,270,210,0
2016,9,25,6,1617,MEGI,5,19.9,130.3,970,65,9,60,60,1,270,210,0
2016,9,25,12,1617,MEGI,5,20.2,129.3,970,65,9,80,80,1,300,240,0
2016,9,25,18,1617,MEGI,5,20.6,128.2,970,65,9,80,80,1,300,240,0
2016,9,26,0,1617,MEGI,5,20.8,127.3,970,65,9,100,100,1,325,240,0
2016,9,26,6,1617,MEGI,5,21.4,126.2,960,70,9,100,100,1,325,240,0
2016,9,26,9,1617,MEGI,5,21.6,125.9,960,70,9,100,100,1,325,240,0
2016,9,26,12,1617,MEGI,5,21.9,125.3,960,70,9,100,100,1,325,240,0
2016,9,26,15,1617,MEGI,5,22.2,124.8,960,70,9,100,100,1,325,240,0
2016,9,26,18,1617,MEGI,5,22.5,124.4,950,80,9,120,120,1,325,240,0
2016,9,26,21,1617,MEGI,5,22.8,123.7,950,80,9,120,120,1,325,240,0
2016,9,27,0,1617,MEGI,5,23.3,123.3,945,85,9,120,120,1,325,240,0
2016,9,27,3,1617,MEGI,5,23.7,122.5,945,85,9,120,120,1,325,240,0
2016,9,27,6,1617,MEGI,5,24.1,121.6,950,80,1,140,120,1,300,240,0
2016,9,27,9,1617,MEGI,5,23.8,120.9,960,75,1,140,120,1,300,240,0
2016,9,27,12,1617,MEGI,5,23.9,120.6,965,65,1,140,120,1,300,240,0
2016,9,27,18,1617,MEGI,4,24.4,119.6,975,55,1,140,120,1,300,210,0
2016,9,28,0,1617,MEGI,3,25.0,118.1,985,45,0,0,0,1,240,210,0
2016,9,28,6,1617,MEGI,3,25.3,117.0,990,35,0,0,0,1,210,150,0
2016,9,28,12,1617,MEGI,2,25.4,116.7,994,0,0,0,0,0,0,0,0
2016,9,28,18,1617,MEGI,2,25.6,116.6,998,0,0,0,0,0,0,0,0
2016,9,29,0,1617,MEGI,2,25.9,116.5,1002,0,0,0,0,0,0,0,0
2016,9,29,6,1617,MEGI,2,26.5,117.2,1002,0,0,0,0,0,0,0,0
2016,9,24,18,1618,CHABA,2,14.9,164.6,1008,0,0,0,0,0,0,0,0
2016,9,25,0,1618,CHABA,2,14.5,163.4,1008,0,0,0,0,0,0,0,0
2016,9,25,6,1618,CHABA,2,14.7,162.2,1008,0,0,0,0,0,0,0,0
2016,9,25,12,1618,CHABA,2,15.1,161.0,1008,0,0,0,0,0,0,0,0
2016,9,25,18,1618,CHABA,2,15.6,160.0,1008,0,0,0,0,0,0,0,0
2016,9,26,0,1618,CHABA,2,15.9,159.0,1008,0,0,0,0,0,0,0,0
2016,9,26,6,1618,CHABA,2,15.9,158.0,1008,0,0,0,0,0,0,0,0
2016,9,26,12,1618,CHABA,2,15.8,156.2,1008,0,0,0,0,0,0,0,0
2016,9,26,18,1618,CHABA,2,15.3,154.5,1008,0,0,0,0,0,0,0,0
2016,9,27,0,1618,CHABA,2,14.6,153.3,1008,0,0,0,0,0,0,0,0
2016,9,27,6,1618,CHABA,2,14.4,152.0,1006,0,0,0,0,0,0,0,0
2016,9,27,12,1618,CHABA,2,14.3,151.0,1004,0,0,0,0,0,0,0,0
2016,9,27,18,1618,CHABA,2,14.3,149.8,1004,0,0,0,0,0,0,0,0
2016,9,28,0,1618,CHABA,2,14.4,148.1,1004,0,0,0,0,0,0,0,0
2016,9,28,6,1618,CHABA,2,14.4,146.5,1004,0,0,0,0,0,0,0,0
2016,9,28,12,1618,CHABA,2,14.5,145.5,1004,0,0,0,0,0,0,0,0
2016,9,28,18,1618,CHABA,2,14.4,144.4,1002,0,0,0,0,0,0,0,0
2016,9,29,0,1618,CHABA,2,14.3,143.4,1002,0,0,0,0,0,0,0,0
2016,9,29,6,1618,CHABA,3,13.7,141.8,1000,35,0,0,0,9,90,90,0
2016,9,29,12,1618,CHABA,3,13.5,140.5,1000,35,0,0,0,9,90,90,0
2016,9,29,18,1618,CHABA,3,13.4,139.2,992,45,0,0,0,9,90,90,0
2016,9,30,0,1618,CHABA,4,13.8,138.1,990,50,0,0,0,9,120,120,0
2016,9,30,6,1618,CHABA,4,14.3,137.4,990,50,0,0,0,9,120,120,0
2016,9,30,12,1618,CHABA,4,14.8,136.7,990,50,0,0,0,9,120,120,0
2016,9,30,18,1618,CHABA,4,15.4,136.0,985,55,9,30,30,9,120,120,0
2016,10,1,0,1618,CHABA,4,16.1,135.2,985,55,9,30,30,9,120,120,0
2016,10,1,6,1618,CHABA,4,16.8,134.4,980,60,9,30,30,9,120,120,0
2016,10,1,12,1618,CHABA,5,17.6,133.4,970,70,9,30,30,8,150,120,0
2016,10,1,18,1618,CHABA,5,18.5,132.6,955,80,9,40,40,8,150,120,0
2016,10,2,0,1618,CHABA,5,19.7,131.5,935,95,9,50,50,8,150,120,0
2016,10,2,6,1618,CHABA,5,20.8,130.4,935,95,9,50,50,8,150,120,0
2016,10,2,12,1618,CHABA,5,21.8,129.2,935,95,9,50,50,8,150,120,0
2016,10,2,18,1618,CHABA,5,22.8,128.3,935,95,9,50,50,8,150,120,0
2016,10,2,21,1618,CHABA,5,23.3,127.9,935,95,9,50,50,8,150,120,0
2016,10,3,0,1618,CHABA,5,23.8,127.6,925,100,9,50,50,8,150,120,0
2016,10,3,3,1618,CHABA,5,24.5,127.3,925,100,9,50,50,8,150,120,0
2016,10,3,6,1618,CHABA,5,24.9,127.0,915,110,9,50,50,1,150,120,0
2016,10,3,9,1618,CHABA,5,25.4,126.9,905,115,9,50,50,1,150,120,0
2016,10,3,12,1618,CHABA,5,25.8,126.8,905,115,9,50,50,1,150,120,0
2016,10,3,15,1618,CHABA,5,26.2,126.6,905,115,9,50,50,1,150,120,0
2016,10,3,18,1618,CHABA,5,26.8,126.4,910,110,9,50,50,1,150,120,0
2016,10,3,21,1618,CHABA,5,27.3,126.3,920,100,9,60,60,1,210,120,0
2016,10,4,0,1618,CHABA,5,27.9,126.2,925,95,9,60,60,1,210,120,0
2016,10,4,3,1618,CHABA,5,28.5,126.1,925,95,9,60,60,1,210,120,0
2016,10,4,6,1618,CHABA,5,29.4,126.0,940,85,9,60,60,1,210,120,0
2016,10,4,9,1618,CHABA,5,30.2,125.9,950,80,9,60,60,1,210,120,0
2016,10,4,12,1618,CHABA,5,31.0,126.0,950,80,9,60,60,1,240,120,0
2016,10,4,15,1618,CHABA,5,31.7,126.3,960,75,9,50,50,1,240,120,0
2016,10,4,18,1618,CHABA,5,32.7,126.6,965,70,9,50,50,2,240,120,0
2016,10,4,21,1618,CHABA,5,33.3,127.2,965,70,9,50,50,2,240,120,0
2016,10,5,0,1618,CHABA,5,34.4,128.1,970,65,9,30,30,3,240,120,0
2016,10,5,3,1618,CHABA,4,35.4,129.4,985,55,9,30,30,3,240,120,0
2016,10,5,6,1618,CHABA,4,36.1,131.1,990,50,0,0,0,3,240,120,0
2016,10,5,9,1618,CHABA,3,37.3,133.8,992,45,0,0,0,3,240,150,0
2016,10,5,12,1618,CHABA,6,38.7,136.7,996,0,0,0,0,0,0,0,0
2016,10,5,18,1618,CHABA,6,39.4,143.4,998,0,0,0,0,0,0,0,0
2016,10,6,0,1618,CHABA,6,41.1,148.8,992,0,0,0,0,0,0,0,0
2016,10,6,6,1618,CHABA,6,41.8,153.5,988,0,0,0,0,0,0,0,0
2016,10,6,12,1618,CHABA,6,42.9,158.7,984,0,0,0,0,0,0,0,0
2016,10,6,18,1618,CHABA,6,44.2,164.2,980,0,0,0,0,0,0,0,0
2016,10,7,0,1618,CHABA,6,45.7,170.0,972,0,0,0,0,0,0,0,0
2016,10,7,6,1618,CHABA,6,47.8,175.1,960,0,0,0,0,0,0,0,0
2016,10,7,12,1618,CHABA,6,50.2,179.2,956,0,0,0,0,0,0,0,0
2016,10,7,18,1618,CHABA,6,52.0,182.4,956,0,0,0,0,0,0,0,0
2016,10,4,12,1619,AERE,2,19.2,130.0,1004,0,0,0,0,0,0,0,0
2016,10,4,18,1619,AERE,2,19.2,127.8,1002,0,0,0,0,0,0,0,0
2016,10,5,0,1619,AERE,2,19.0,126.5,1004,0,0,0,0,0,0,0,0
2016,10,5,6,1619,AERE,2,18.9,125.5,1004,0,0,0,0,0,0,0,0
2016,10,5,12,1619,AERE,2,19.5,123.8,1002,0,0,0,0,0,0,0,0
2016,10,5,18,1619,AERE,3,20.1,122.1,998,35,0,0,0,9,60,60,0
2016,10,6,0,1619,AERE,3,20.6,120.5,998,35,0,0,0,9,60,60,0
2016,10,6,6,1619,AERE,3,20.7,119.0,998,35,0,0,0,9,60,60,0
2016,10,6,12,1619,AERE,3,20.6,117.8,994,40,0,0,0,9,60,60,0
2016,10,6,18,1619,AERE,3,20.6,117.2,994,40,0,0,0,9,60,60,0
2016,10,7,0,1619,AERE,3,20.4,116.4,992,40,0,0,0,9,60,60,0
2016,10,7,6,1619,AERE,4,20.7,116.0,985,50,0,0,0,7,90,60,0
2016,10,7,12,1619,AERE,4,21.0,115.9,980,55,9,30,30,7,90,60,0
2016,10,7,18,1619,AERE,4,21.2,115.9,975,60,9,30,30,7,90,60,0
2016,10,8,0,1619,AERE,4,21.3,116.1,980,55,9,30,30,7,90,60,0
2016,10,8,6,1619,AERE,4,21.3,116.3,985,50,0,0,0,7,90,60,0
2016,10,8,12,1619,AERE,3,21.6,116.9,990,45,0,0,0,7,90,60,0
2016,10,8,18,1619,AERE,3,21.8,117.2,992,40,0,0,0,8,90,40,0
2016,10,9,0,1619,AERE,3,21.6,117.4,996,40,0,0,0,1,90,40,0
2016,10,9,6,1619,AERE,3,21.3,117.8,996,40,0,0,0,1,120,90,0
2016,10,9,12,1619,AERE,3,21.6,117.9,998,35,0,0,0,9,90,90,0
2016,10,9,18,1619,AERE,3,21.8,117.9,998,35,0,0,0,9,60,60,0
2016,10,10,0,1619,AERE,2,22.1,118.0,1004,0,0,0,0,0,0,0,0
2016,10,3,18,1620,SONGDA,7,16.4,180.5,1008,0,0,0,0,0,0,0,0
2016,10,4,0,1620,SONGDA,2,16.5,178.8,1008,0,0,0,0,0,0,0,0
2016,10,4,6,1620,SONGDA,2,16.4,177.6,1006,0,0,0,0,0,0,0,0
2016,10,4,12,1620,SONGDA,2,16.6,176.7,1006,0,0,0,0,0,0,0,0
2016,10,4,18,1620,SONGDA,2,17.3,175.9,1006,0,0,0,0,0,0,0,0
2016,10,5,0,1620,SONGDA,2,18.0,174.7,1008,0,0,0,0,0,0,0,0
2016,10,5,6,1620,SONGDA,2,18.1,173.1,1008,0,0,0,0,0,0,0,0
2016,10,5,12,1620,SONGDA,2,18.0,171.5,1008,0,0,0,0,0,0,0,0
2016,10,5,18,1620,SONGDA,2,17.9,170.3,1006,0,0,0,0,0,0,0,0
2016,10,6,0,1620,SONGDA,2,17.9,168.7,1008,0,0,0,0,0,0,0,0
2016,10,6,6,1620,SONGDA,2,18.0,167.0,1006,0,0,0,0,0,0,0,0
2016,10,6,12,1620,SONGDA,2,18.0,165.5,1008,0,0,0,0,0,0,0,0
2016,10,6,18,1620,SONGDA,2,18.1,164.4,1008,0,0,0,0,0,0,0,0
2016,10,7,0,1620,SONGDA,2,18.2,163.4,1008,0,0,0,0,0,0,0,0
2016,10,7,6,1620,SONGDA,2,18.6,161.8,1006,0,0,0,0,0,0,0,0
2016,10,7,12,1620,SONGDA,2,18.9,160.4,1006,0,0,0,0,0,0,0,0
2016,10,7,18,1620,SONGDA,2,19.2,158.7,1006,0,0,0,0,0,0,0,0
2016,10,8,0,1620,SONGDA,2,19.3,157.3,1004,0,0,0,0,0,0,0,0
2016,10,8,6,1620,SONGDA,2,19.5,155.8,1002,0,0,0,0,0,0,0,0
2016,10,8,12,1620,SONGDA,3,19.9,154.4,1000,35,0,0,0,9,90,90,0
2016,10,8,18,1620,SONGDA,3,20.6,152.7,1000,35,0,0,0,9,90,90,0
2016,10,9,0,1620,SONGDA,3,21.2,151.3,1000,35,0,0,0,9,90,90,0
2016,10,9,6,1620,SONGDA,3,22.1,150.0,996,40,0,0,0,9,90,90,0
2016,10,9,12,1620,SONGDA,3,23.2,148.5,990,45,0,0,0,9,90,90,0
2016,10,9,18,1620,SONGDA,4,24.0,147.3,980,55,9,40,40,9,120,120,0
2016,10,10,0,1620,SONGDA,5,24.7,146.4,970,65,9,40,40,9,120,120,0
2016,10,10,6,1620,SONGDA,5,25.5,145.9,955,80,9,40,40,9,150,150,0
2016,10,10,12,1620,SONGDA,5,26.3,145.8,940,90,9,60,60,1,180,150,0
2016,10,10,18,1620,SONGDA,5,27.2,145.8,930,95,9,60,60,1,180,150,0
2016,10,11,0,1620,SONGDA,5,27.8,146.0,935,90,9,60,60,1,180,150,0
2016,10,11,6,1620,SONGDA,5,28.5,146.7,935,90,9,60,60,1,150,120,0
2016,10,11,12,1620,SONGDA,5,29.2,147.5,930,95,9,60,60,1,150,120,0
2016,10,11,18,1620,SONGDA,5,30.3,148.9,925,100,9,60,60,1,150,120,0
2016,10,12,0,1620,SONGDA,5,31.3,151.0,925,100,9,60,60,1,150,120,0
2016,10,12,6,1620,SONGDA,5,32.6,153.7,935,90,9,50,50,3,130,90,0
2016,10,12,12,1620,SONGDA,5,33.9,156.8,945,85,9,50,50,3,130,90,0
2016,10,12,18,1620,SONGDA,5,35.8,161.1,955,75,9,50,50,3,150,90,0
2016,10,13,0,1620,SONGDA,5,38.1,166.3,970,65,9,50,50,3,180,120,0
2016,10,13,6,1620,SONGDA,6,40.3,171.1,988,0,0,0,0,0,0,0,0
2016,10,13,12,1620,SONGDA,6,41.7,176.5,992,0,0,0,0,0,0,0,0
2016,10,13,18,1620,SONGDA,6,42.1,183.6,996,0,0,0,0,0,0,0,0
2016,10,13,0,1621,SARIKA,2,12.9,129.4,1004,0,0,0,0,0,0,0,0
2016,10,13,6,1621,SARIKA,2,13.1,128.9,1004,0,0,0,0,0,0,0,0
2016,10,13,12,1621,SARIKA,2,13.3,128.1,1002,0,0,0,0,0,0,0,0
2016,10,13,18,1621,SARIKA,3,13.5,127.3,998,35,0,0,0,8,120,60,0
2016,10,14,0,1621,SARIKA,3,13.6,126.7,994,40,0,0,0,8,120,60,0
2016,10,14,6,1621,SARIKA,3,13.7,126.3,990,45,0,0,0,8,120,90,0
2016,10,14,12,1621,SARIKA,4,13.8,125.9,980,55,9,40,40,9,120,120,0
2016,10,14,18,1621,SARIKA,4,14.0,125.4,980,55,9,40,40,9,120,120,0
2016,10,15,0,1621,SARIKA,5,14.3,124.6,970,65,9,40,40,9,120,120,0
2016,10,15,6,1621,SARIKA,5,14.7,123.9,955,80,9,40,40,9,150,150,0
2016,10,15,12,1621,SARIKA,5,15.1,123.0,950,85,9,50,50,9,150,150,0
2016,10,15,18,1621,SARIKA,5,15.8,121.8,935,95,9,60,60,9,150,150,0
2016,10,16,0,1621,SARIKA,5,16.2,119.8,965,75,9,50,50,8,210,150,0
2016,10,16,6,1621,SARIKA,5,16.6,118.4,965,70,9,50,50,8,210,150,0
2016,10,16,12,1621,SARIKA,5,16.8,117.2,970,65,9,50,50,8,210,150,0
2016,10,16,18,1621,SARIKA,5,16.8,115.5,970,65,9,50,50,1,210,150,0
2016,10,17,0,1621,SARIKA,4,17.0,114.3,970,60,9,50,50,1,210,150,0
2016,10,17,6,1621,SARIKA,4,17.4,113.1,970,60,9,50,50,1,210,150,0
2016,10,17,12,1621,SARIKA,4,17.6,112.3,970,60,9,50,50,1,210,150,0
2016,10,17,18,1621,SARIKA,4,18.0,111.5,970,60,9,60,60,8,210,150,0
2016,10,18,0,1621,SARIKA,4,18.6,110.7,970,60,9,60,60,8,180,150,0
2016,10,18,6,1621,SARIKA,4,19.1,110.0,975,55,9,60,60,9,150,150,0
2016,10,18,12,1621,SARIKA,3,19.7,109.3,985,45,0,0,0,9,120,120,0
2016,10,18,18,1621,SARIKA,3,20.3,108.8,990,40,0,0,0,9,120,120,0
2016,10,19,0,1621,SARIKA,3,21.0,108.4,994,35,0,0,0,4,90,60,0
2016,10,19,6,1621,SARIKA,2,21.7,108.1,996,0,0,0,0,0,0,0,0
2016,10,19,12,1621,SARIKA,2,22.0,108.0,1000,0,0,0,0,0,0,0,0
2016,10,19,18,1621,SARIKA,2,22.4,108.0,1004,0,0,0,0,0,0,0,0
2016,10,14,12,1622,HAIMA,2,7.4,144.5,1004,0,0,0,0,0,0,0,0
2016,10,14,18,1622,HAIMA,2,8.2,143.6,1004,0,0,0,0,0,0,0,0
2016,10,15,0,1622,HAIMA,3,8.8,142.9,1000,35,0,0,0,9,120,120,0
2016,10,15,6,1622,HAIMA,3,9.1,142.1,996,40,0,0,0,9,120,120,0
2016,10,15,12,1622,HAIMA,3,9.5,140.7,992,45,0,0,0,9,120,120,0
2016,10,15,18,1622,HAIMA,4,9.7,140.0,985,50,0,0,0,9,120,120,0
2016,10,16,0,1622,HAIMA,4,9.9,139.6,980,55,9,50,50,9,150,150,0
2016,10,16,6,1622,HAIMA,5,10.4,139.1,975,65,9,50,50,9,150,150,0
2016,10,16,12,1622,HAIMA,5,11.3,138.7,970,70,9,50,50,9,150,150,0
2016,10,16,18,1622,HAIMA,5,12.3,137.8,960,80,9,50,50,9,150,150,0
2016,10,17,0,1622,HAIMA,5,12.9,136.7,955,85,9,60,60,9,180,180,0
2016,10,17,6,1622,HAIMA,5,13.4,135.5,950,90,9,60,60,9,180,180,0
2016,10,17,12,1622,HAIMA,5,13.8,134.5,945,95,9,60,60,9,180,180,0
2016,10,17,18,1622,HAIMA,5,14.4,133.3,925,100,9,60,60,9,180,180,0
2016,10,18,0,1622,HAIMA,5,14.9,132.1,925,100,9,80,80,9,220,220,0
2016,10,18,6,1622,HAIMA,5,15.4,130.7,915,105,9,80,80,9,220,220,0
2016,10,18,12,1622,HAIMA,5,15.6,129.1,910,110,9,100,100,9,250,250,0
2016,10,18,18,1622,HAIMA,5,16.0,127.5,900,115,9,100,100,9,250,250,0
2016,10,19,0,1622,HAIMA,5,16.1,126.0,900,115,9,100,100,9,250,250,0
2016,10,19,6,1622,HAIMA,5,16.7,124.7,900,115,9,100,100,9,250,250,0
2016,10,19,12,1622,HAIMA,5,17.3,123.1,915,100,9,100,100,9,250,250,0
2016,10,19,18,1622,HAIMA,5,17.7,121.5,940,90,9,100,100,9,250,250,0
2016,10,20,0,1622,HAIMA,5,18.4,120.1,945,80,9,100,100,9,270,270,0
2016,10,20,6,1622,HAIMA,5,19.0,118.8,950,75,9,100,100,9,270,270,0
2016,10,20,12,1622,HAIMA,5,19.8,117.4,960,70,9,100,100,9,240,240,0
2016,10,20,18,1622,HAIMA,5,20.6,116.6,960,70,9,100,100,2,240,150,0
2016,10,21,0,1622,HAIMA,4,22.1,115.6,970,60,9,80,80,2,240,150,0
2016,10,21,6,1622,HAIMA,3,23.2,115.1,980,45,0,0,0,2,180,150,0
2016,10,21,12,1622,HAIMA,3,24.3,114.7,992,35,0,0,0,2,150,120,0
2016,10,21,18,1622,HAIMA,2,25.9,115.5,998,0,0,0,0,0,0,0,0
2016,10,22,0,1622,HAIMA,6,27.4,116.4,1004,0,0,0,0,0,0,0,0
2016,10,22,6,1622,HAIMA,6,28.9,119.4,1004,0,0,0,0,0,0,0,0
2016,10,22,12,1622,HAIMA,6,30.2,121.4,1004,0,0,0,0,0,0,0,0
2016,10,22,18,1622,HAIMA,6,30.5,123.1,1004,0,0,0,0,0,0,0,0
2016,10,23,0,1622,HAIMA,6,29.9,126.1,1002,0,0,0,0,0,0,0,0
2016,10,23,6,1622,HAIMA,6,29.4,129.3,1002,0,0,0,0,0,0,0,0
2016,10,23,12,1622,HAIMA,6,29.4,133.5,1002,0,0,0,0,0,0,0,0
2016,10,23,18,1622,HAIMA,6,29.5,136.6,1000,0,0,0,0,0,0,0,0
2016,10,24,0,1622,HAIMA,6,29.2,140.2,1002,0,0,0,0,0,0,0,0
2016,10,24,6,1622,HAIMA,6,28.9,142.5,1002,0,0,0,0,0,0,0,0
2016,10,24,12,1622,HAIMA,6,28.7,145.2,1006,0,0,0,0,0,0,0,0
2016,10,24,18,1622,HAIMA,6,28.3,147.1,1008,0,0,0,0,0,0,0,0
2016,10,25,0,1622,HAIMA,6,27.5,146.0,1012,0,0,0,0,0,0,0,0
2016,10,25,6,1622,HAIMA,6,26.7,144.9,1010,0,0,0,0,0,0,0,0
2016,10,25,12,1622,HAIMA,6,26.9,144.7,1012,0,0,0,0,0,0,0,0
2016,10,25,18,1622,HAIMA,6,27.1,144.4,1012,0,0,0,0,0,0,0,0
2016,10,26,0,1622,HAIMA,6,27.3,145.0,1014,0,0,0,0,0,0,0,0
2016,10,26,6,1622,HAIMA,6,27.8,145.4,1012,0,0,0,0,0,0,0,0
2016,10,30,18,1623,MEARI,2,10.1,146.9,1004,0,0,0,0,0,0,0,0
2016,10,31,0,1623,MEARI,2,10.5,146.2,1004,0,0,0,0,0,0,0,0
2016,10,31,6,1623,MEARI,2,10.5,145.2,1002,0,0,0,0,0,0,0,0
2016,10,31,12,1623,MEARI,2,10.3,144.1,1002,0,0,0,0,0,0,0,0
2016,10,31,18,1623,MEARI,2,10.3,143.5,1002,0,0,0,0,0,0,0,0
2016,11,1,0,1623,MEARI,2,10.5,142.5,1002,0,0,0,0,0,0,0,0
2016,11,1,6,1623,MEARI,2,10.9,141.6,1000,0,0,0,0,0,0,0,0
2016,11,1,12,1623,MEARI,2,11.7,139.9,1000,0,0,0,0,0,0,0,0
2016,11,1,18,1623,MEARI,2,11.8,138.7,1000,0,0,0,0,0,0,0,0
2016,11,2,0,1623,MEARI,2,12.3,138.1,1000,0,0,0,0,0,0,0,0
2016,11,2,6,1623,MEARI,2,12.6,137.8,1000,0,0,0,0,0,0,0,0
2016,11,2,12,1623,MEARI,2,12.9,137.6,1000,0,0,0,0,0,0,0,0
2016,11,2,18,1623,MEARI,2,13.1,137.4,998,0,0,0,0,0,0,0,0
2016,11,3,0,1623,MEARI,3,13.3,137.3,996,35,0,0,0,9,90,90,0
2016,11,3,6,1623,MEARI,3,13.7,137.3,996,35,0,0,0,9,90,90,0
2016,11,3,12,1623,MEARI,3,14.0,137.4,996,35,0,0,0,9,120,120,0
2016,11,3,18,1623,MEARI,3,14.3,137.9,992,40,0,0,0,9,120,120,0
2016,11,4,0,1623,MEARI,3,15.0,138.8,990,45,0,0,0,9,150,150,0
2016,11,4,6,1623,MEARI,4,15.6,139.1,985,55,9,40,40,9,150,150,0
2016,11,4,12,1623,MEARI,4,16.2,139.3,985,55,9,40,40,4,180,150,0
2016,11,4,18,1623,MEARI,4,16.8,139.4,975,60,9,40,40,4,180,150,0
2016,11,5,0,1623,MEARI,5,17.2,139.9,970,65,9,50,50,3,210,150,0
2016,11,5,6,1623,MEARI,5,17.5,140.3,965,70,9,50,50,2,210,150,0
2016,11,5,12,1623,MEARI,5,18.3,140.7,960,75,9,60,60,2,210,180,0
2016,11,5,18,1623,MEARI,5,18.6,141.8,960,75,9,60,60,2,210,180,0
2016,11,6,0,1623,MEARI,5,19.5,142.5,960,75,9,60,60,9,210,210,0
2016,11,6,6,1623,MEARI,5,20.7,143.6,960,75,9,60,60,9,210,210,0
2016,11,6,12,1623,MEARI,5,22.2,144.8,960,75,9,60,60,9,210,210,0
2016,11,6,18,1623,MEARI,5,24.3,146.1,965,70,7,80,60,7,240,180,0
2016,11,7,0,1623,MEARI,5,27.3,147.0,970,65,7,100,40,7,270,150,0
2016,11,7,6,1623,MEARI,6,28.3,147.5,976,0,0,0,0,0,0,0,0
2016,11,7,12,1623,MEARI,6,28.8,148.0,980,0,0,0,0,0,0,0,0
2016,11,7,18,1623,MEARI,6,29.2,149.1,984,0,0,0,0,0,0,0,0
2016,11,8,0,1623,MEARI,6,30.6,150.5,988,0,0,0,0,0,0,0,0
2016,11,8,6,1623,MEARI,6,31.9,152.2,992,0,0,0,0,0,0,0,0
2016,11,8,12,1623,MEARI,6,33.3,154.6,996,0,0,0,0,0,0,0,0
2016,11,8,18,1623,MEARI,6,34.9,157.1,998,0,0,0,0,0,0,0,0
2016,11,9,0,1623,MEARI,6,36.5,161.0,1000,0,0,0,0,0,0,0,0
2016,11,9,6,1623,MEARI,6,37.7,163.0,1002,0,0,0,0,0,0,0,0
2016,11,9,12,1623,MEARI,6,38.4,164.0,1002,0,0,0,0,0,0,0,0
2016,11,9,18,1623,MEARI,6,39.0,165.5,1004,0,0,0,0,0,0,0,0
2016,11,8,18,1624,MA-ON,2,12.8,161.4,1008,0,0,0,0,0,0,0,0
2016,11,9,0,1624,MA-ON,2,13.4,160.4,1006,0,0,0,0,0,0,0,0
2016,11,9,6,1624,MA-ON,2,14.6,159.7,1006,0,0,0,0,0,0,0,0
2016,11,9,12,1624,MA-ON,2,15.8,158.5,1006,0,0,0,0,0,0,0,0
2016,11,9,18,1624,MA-ON,2,16.3,157.7,1002,0,0,0,0,0,0,0,0
2016,11,10,0,1624,MA-ON,3,16.9,156.9,1002,35,0,0,0,2,90,60,0
2016,11,10,6,1624,MA-ON,3,17.3,155.9,1002,35,0,0,0,2,90,60,0
2016,11,10,12,1624,MA-ON,3,17.5,154.5,1002,35,0,0,0,2,90,60,0
2016,11,10,18,1624,MA-ON,3,17.9,153.5,1002,35,0,0,0,9,90,90,0
2016,11,11,0,1624,MA-ON,3,18.3,152.3,1002,35,0,0,0,9,90,90,0
2016,11,11,6,1624,MA-ON,3,19.1,150.9,1002,35,0,0,0,9,90,90,0
2016,11,11,12,1624,MA-ON,3,19.9,148.1,1004,35,0,0,0,2,90,60,0
2016,11,11,18,1624,MA-ON,3,20.7,146.8,1004,35,0,0,0,2,90,60,0
2016,11,12,0,1624,MA-ON,2,20.8,145.5,1006,0,0,0,0,0,0,0,0
2016,11,12,6,1624,MA-ON,2,21.6,144.7,1008,0,0,0,0,0,0,0,0
2016,11,12,12,1624,MA-ON,2,21.4,143.4,1012,0,0,0,0,0,0,0,0
2016,11,12,18,1624,MA-ON,2,21.4,142.4,1010,0,0,0,0,0,0,0,0
2016,11,13,0,1624,MA-ON,2,21.3,141.4,1014,0,0,0,0,0,0,0,0
2016,11,24,0,1625,TOKAGE,2,9.7,126.8,1006,0,0,0,0,0,0,0,0
2016,11,24,6,1625,TOKAGE,2,10.4,125.5,1004,0,0,0,0,0,0,0,0
2016,11,24,12,1625,TOKAGE,2,10.8,124.3,1002,0,0,0,0,0,0,0,0
2016,11,24,18,1625,TOKAGE,2,11.0,123.2,1000,0,0,0,0,0,0,0,0
2016,11,25,0,1625,TOKAGE,2,11.4,122.5,1000,0,0,0,0,0,0,0,0
2016,11,25,6,1625,TOKAGE,2,11.5,121.3,1000,0,0,0,0,0,0,0,0
2016,11,25,12,1625,TOKAGE,3,11.7,120.7,998,35,0,0,0,9,80,80,0
2016,11,25,18,1625,TOKAGE,3,12.6,119.9,994,45,0,0,0,9,100,100,0
2016,11,26,0,1625,TOKAGE,4,13.2,118.7,992,50,0,0,0,9,120,120,0
2016,11,26,6,1625,TOKAGE,3,13.8,117.7,994,45,0,0,0,9,120,120,0
2016,11,26,12,1625,TOKAGE,3,14.3,117.4,994,45,0,0,0,9,120,120,0
2016,11,26,18,1625,TOKAGE,3,14.8,117.3,994,45,0,0,0,9,120,120,0
2016,11,27,0,1625,TOKAGE,3,15.7,117.6,994,45,0,0,0,9,120,120,0
2016,11,27,6,1625,TOKAGE,3,16.4,118.0,994,45,0,0,0,9,120,120,0
2016,11,27,12,1625,TOKAGE,3,16.8,118.2,994,45,0,0,0,9,120,120,0
2016,11,27,18,1625,TOKAGE,3,17.0,118.5,1000,35,0,0,0,9,100,100,0
2016,11,28,0,1625,TOKAGE,2,17.1,118.7,1006,0,0,0,0,0,0,0,0
2016,12,20,12,1626,NOCK-TEN,2,6.2,144.5,1004,0,0,0,0,0,0,0,0
2016,12,20,18,1626,NOCK-TEN,2,6.2,143.4,1004,0,0,0,0,0,0,0,0
2016,12,21,0,1626,NOCK-TEN,2,6.3,142.4,1004,0,0,0,0,0,0,0,0
2016,12,21,6,1626,NOCK-TEN,2,6.4,141.7,1002,0,0,0,0,0,0,0,0
2016,12,21,12,1626,NOCK-TEN,2,6.8,140.9,1004,0,0,0,0,0,0,0,0
2016,12,21,18,1626,NOCK-TEN,3,7.8,140.0,998,35,0,0,0,9,60,60,0
2016,12,22,0,1626,NOCK-TEN,3,8.6,139.1,994,40,0,0,0,9,60,60,0
2016,12,22,6,1626,NOCK-TEN,3,9.4,137.8,994,40,0,0,0,9,60,60,0
2016,12,22,12,1626,NOCK-TEN,3,10.2,136.3,992,45,0,0,0,9,60,60,0
2016,12,22,18,1626,NOCK-TEN,4,11.1,134.8,985,55,9,30,30,1,120,90,0
2016,12,23,0,1626,NOCK-TEN,4,11.7,133.3,985,55,9,30,30,1,120,90,0
2016,12,23,6,1626,NOCK-TEN,5,11.9,132.1,970,70,9,40,40,8,150,90,0
2016,12,23,12,1626,NOCK-TEN,5,12.6,131.0,955,80,9,40,40,8,150,90,0
2016,12,23,18,1626,NOCK-TEN,5,13.0,129.9,950,85,9,40,40,8,150,90,0
2016,12,24,0,1626,NOCK-TEN,5,13.1,128.9,935,95,9,40,40,8,180,90,0
2016,12,24,6,1626,NOCK-TEN,5,13.3,128.2,915,105,9,40,40,8,180,90,0
2016,12,24,12,1626,NOCK-TEN,5,13.4,127.5,915,105,9,40,40,8,180,90,0
2016,12,24,18,1626,NOCK-TEN,5,13.6,126.7,915,105,9,40,40,8,180,90,0
2016,12,25,0,1626,NOCK-TEN,5,13.5,126.0,915,105,9,40,40,8,180,90,0
2016,12,25,6,1626,NOCK-TEN,5,13.5,125.1,925,100,9,40,40,8,180,90,0
2016,12,25,12,1626,NOCK-TEN,5,13.5,124.0,925,100,9,40,40,8,180,90,0
2016,12,25,18,1626,NOCK-TEN,5,13.5,122.8,950,85,9,40,40,8,120,90,0
2016,12,26,0,1626,NOCK-TEN,5,13.6,121.4,950,85,9,40,40,8,120,90,0
2016,12,26,6,1626,NOCK-TEN,5,14.1,119.7,970,70,9,30,30,9,80,80,0
2016,12,26,12,1626,NOCK-TEN,5,14.4,118.4,970,70,9,30,30,9,80,80,0
2016,12,26,18,1626,NOCK-TEN,5,14.8,117.0,975,65,9,30,30,9,80,80,0
2016,12,27,0,1626,NOCK-TEN,4,15.0,116.3,980,60,9,30,30,9,80,80,0
2016,12,27,6,1626,NOCK-TEN,4,14.7,116.0,985,50,0,0,0,9,80,80,0
2016,12,27,12,1626,NOCK-TEN,3,14.2,115.5,996,40,0,0,0,9,80,80,0
2016,12,27,18,1626,NOCK-TEN,2,13.3,114.7,1004,0,0,0,0,0,0,0,0
2016,12,28,0,1626,NOCK-TEN,2,13.0,113.3,1006,0,0,0,0,0,0,0,0
2016,12,28,6,1626,NOCK-TEN,2,11.9,112.3,1006,0,0,0,0,0,0,0,0
2016,12,28,12,1626,NOCK-TEN,2,11.2,111.4,1008,0,0,0,0,0,0,0,0
